"team","matches_played","wins","draws","losses","goals_for","goals_against","goal_difference","points","win_percentage","average_possession","total_shots","shots_on_target","corners","fouls"
"Spain",8,7,1,0,14,1,13,22,87.5,61.12,137,56,60,71
"Argentina",8,7,0,1,19,8,11,21,87.5,57.88,112,49,42,82
"England",8,6,1,1,20,12,8,19,75,52.75,117,52,46,82
"France",8,6,0,2,20,10,10,18,75,55.62,127,56,50,75
"Mexico",5,4,0,1,10,3,7,12,80,52,70,21,22,57
"Norway",6,4,0,2,13,11,2,12,66.67,52,59,27,24,59
"Belgium",6,3,2,1,14,7,7,11,50,55.67,106,40,28,74
"Colombia",5,3,2,0,5,1,4,11,60,56.4,86,26,23,58
"Morocco",6,3,2,1,10,6,4,11,50,54.5,70,27,26,75
"Switzerland",6,3,2,1,10,6,4,11,50,50,75,28,31,70
"Brazil",5,3,1,1,10,4,6,10,60,56.4,77,31,28,45
"USA",5,3,0,2,11,8,3,9,60,51.2,57,18,25,53
"Netherlands",4,2,2,0,11,5,6,8,50,50.25,44,23,24,45
"Portugal",5,2,2,1,8,3,5,8,40,56.2,61,17,27,42
"Germany",4,2,1,1,11,5,6,7,50,63.5,78,33,38,45
"Canada",5,2,1,2,9,6,3,7,40,48.2,81,32,44,71
"Côte d'Ivoire",4,2,0,2,5,4,1,6,50,48.25,54,19,26,37
"Egypt",5,1,3,1,8,7,1,6,20,47.4,69,23,24,61
"Croatia",4,2,0,2,6,7,-1,6,50,47.5,46,20,15,42
"Japan",4,1,2,1,8,5,3,5,25,45.75,41,17,16,44
"Australia",4,1,2,1,3,3,0,5,25,38.75,37,14,16,48
"Paraguay",5,1,2,2,3,6,-3,5,20,27.8,36,9,10,66
"Congo DR",4,1,1,2,5,5,0,4,25,42.75,42,10,12,42
"Ghana",4,1,1,2,2,3,-1,4,25,40.5,30,5,9,43
"Ecuador",4,1,1,2,2,4,-2,4,25,52,58,22,25,53
"South Africa",4,1,1,2,2,4,-2,4,25,48.25,39,11,12,47
"Austria",4,1,1,2,6,9,-3,4,25,46.25,31,8,10,47
"Bosnia and Herzegovina",4,1,1,2,5,8,-3,4,25,42.25,37,14,15,54
"Sweden",4,1,1,2,7,10,-3,4,25,45,48,22,12,46
"Algeria",4,1,1,2,5,9,-4,4,25,56.75,45,14,11,32
"Senegal",4,1,0,3,10,9,1,3,25,52.25,63,23,22,36
"IR Iran",3,0,3,0,3,3,0,3,0,42,36,10,10,30
"Cabo Verde",4,0,3,1,4,5,-1,3,0,37,49,13,12,28
"South Korea",3,1,0,2,2,3,-1,3,33.33,57.67,29,10,12,26
"Türkiye",3,1,0,2,3,5,-2,3,33.33,59,76,19,24,29
"Scotland",3,1,0,2,1,4,-3,3,33.33,44,24,5,10,34
"Uruguay",3,0,2,1,3,4,-1,2,0,56.67,54,20,28,30
"Saudi Arabia",3,0,2,1,1,5,-4,2,0,36.33,18,7,7,37
"Czechia",3,0,1,2,2,6,-4,1,0,42.67,37,7,13,34
"New Zealand",3,0,1,2,4,10,-6,1,0,39.67,31,13,7,32
"Curaçao",3,0,1,2,1,9,-8,1,0,38.33,20,4,3,40
"Qatar",3,0,1,2,2,10,-8,1,0,31.33,17,6,9,36
"Panama",3,0,0,3,0,4,-4,0,0,44,31,7,7,41
"Jordan",3,0,0,3,3,8,-5,0,0,29.67,22,6,7,32
"Haiti",3,0,0,3,2,8,-6,0,0,41,28,6,10,38
"Uzbekistan",3,0,0,3,2,11,-9,0,0,35.67,16,4,9,42
"Tunisia",3,0,0,3,2,12,-10,0,0,42.33,17,6,7,28
"Iraq",3,0,0,3,1,12,-11,0,0,36.33,21,2,10,27
