"team","opponent","goals_for","goals_against","result"
"Mexico","South Africa",2,0,"Win"
"South Korea","Czechia",2,1,"Win"
"Canada","Bosnia and Herzegovina",1,1,"Draw"
"USA","Paraguay",4,1,"Win"
"Qatar","Switzerland",1,1,"Draw"
"Brazil","Morocco",1,1,"Draw"
"Haiti","Scotland",0,1,"Loss"
"Australia","Türkiye",2,0,"Win"
"Germany","Curaçao",7,1,"Win"
"Netherlands","Japan",2,2,"Draw"
"Côte d'Ivoire","Ecuador",1,0,"Win"
"Sweden","Tunisia",5,1,"Win"
"Spain","Cabo Verde",0,0,"Draw"
"Belgium","Egypt",1,1,"Draw"
"Saudi Arabia","Uruguay",1,1,"Draw"
"IR Iran","New Zealand",2,2,"Draw"
"France","Senegal",3,1,"Win"
"Iraq","Norway",1,4,"Loss"
"Argentina","Algeria",3,0,"Win"
"Austria","Jordan",3,1,"Win"
"Portugal","Congo DR",1,1,"Draw"
"England","Croatia",4,2,"Win"
"Ghana","Panama",1,0,"Win"
"Uzbekistan","Colombia",1,3,"Loss"
"Mexico","South Korea",1,0,"Win"
"Czechia","South Africa",1,1,"Draw"
"Canada","Qatar",6,0,"Win"
"Switzerland","Bosnia and Herzegovina",4,1,"Win"
"Brazil","Haiti",3,0,"Win"
"Scotland","Morocco",0,1,"Loss"
"USA","Australia",2,0,"Win"
"Türkiye","Paraguay",0,1,"Loss"
"Germany","Côte d'Ivoire",2,1,"Win"
"Ecuador","Curaçao",0,0,"Draw"
"Netherlands","Sweden",5,1,"Win"
"Tunisia","Japan",0,4,"Loss"
"Belgium","IR Iran",0,0,"Draw"
"New Zealand","Egypt",1,3,"Loss"
"Spain","Saudi Arabia",4,0,"Win"
"Uruguay","Cabo Verde",2,2,"Draw"
"France","Iraq",3,0,"Win"
"Norway","Senegal",3,2,"Win"
"Argentina","Austria",2,0,"Win"
"Jordan","Algeria",1,2,"Loss"
"Portugal","Uzbekistan",5,0,"Win"
"Colombia","Congo DR",1,0,"Win"
"England","Ghana",0,0,"Draw"
"Panama","Croatia",0,1,"Loss"
"Czechia","Mexico",0,3,"Loss"
"South Africa","South Korea",1,0,"Win"
"Switzerland","Canada",2,1,"Win"
"Bosnia and Herzegovina","Qatar",3,1,"Win"
"Scotland","Brazil",0,3,"Loss"
"Morocco","Haiti",4,2,"Win"
"Türkiye","USA",3,2,"Win"
"Paraguay","Australia",0,0,"Draw"
"Ecuador","Germany",2,1,"Win"
"Curaçao","Côte d'Ivoire",0,2,"Loss"
"Tunisia","Netherlands",1,3,"Loss"
"Japan","Sweden",1,1,"Draw"
"New Zealand","Belgium",1,5,"Loss"
"Egypt","IR Iran",1,1,"Draw"
"Uruguay","Spain",0,1,"Loss"
"Cabo Verde","Saudi Arabia",0,0,"Draw"
"Norway","France",1,4,"Loss"
"Senegal","Iraq",5,0,"Win"
"Jordan","Argentina",1,3,"Loss"
"Algeria","Austria",3,3,"Draw"
"Colombia","Portugal",0,0,"Draw"
"Congo DR","Uzbekistan",3,1,"Win"
"Panama","England",0,2,"Loss"
"Croatia","Ghana",2,1,"Win"
"South Africa","Canada",0,1,"Loss"
"Brazil","Japan",2,1,"Win"
"Germany","Paraguay",1,1,"Draw"
"Netherlands","Morocco",1,1,"Draw"
"Côte d'Ivoire","Norway",1,2,"Loss"
"France","Sweden",3,0,"Win"
"Mexico","Ecuador",2,0,"Win"
"England","Congo DR",2,1,"Win"
"Belgium","Senegal",3,2,"Win"
"USA","Bosnia and Herzegovina",2,0,"Win"
"Spain","Austria",3,0,"Win"
"Portugal","Croatia",2,1,"Win"
"Switzerland","Algeria",2,0,"Win"
"Australia","Egypt",1,1,"Draw"
"Argentina","Cabo Verde",3,2,"Win"
"Colombia","Ghana",1,0,"Win"
"Paraguay","France",0,1,"Loss"
"Canada","Morocco",0,3,"Loss"
"Brazil","Norway",1,2,"Loss"
"Mexico","England",2,3,"Loss"
"Portugal","Spain",0,1,"Loss"
"USA","Belgium",1,4,"Loss"
"Argentina","Egypt",3,2,"Win"
"Switzerland","Colombia",0,0,"Draw"
"France","Morocco",2,0,"Win"
"Spain","Belgium",2,1,"Win"
"Norway","England",1,2,"Loss"
"Argentina","Switzerland",3,1,"Win"
"France","Spain",0,2,"Loss"
"England","Argentina",1,2,"Loss"
"France","England",4,6,"Loss"
"Spain","Argentina",1,0,"Win"
"South Africa","Mexico",0,2,"Loss"
"Czechia","South Korea",1,2,"Loss"
"Bosnia and Herzegovina","Canada",1,1,"Draw"
"Paraguay","USA",1,4,"Loss"
"Switzerland","Qatar",1,1,"Draw"
"Morocco","Brazil",1,1,"Draw"
"Scotland","Haiti",1,0,"Win"
"Türkiye","Australia",0,2,"Loss"
"Curaçao","Germany",1,7,"Loss"
"Japan","Netherlands",2,2,"Draw"
"Ecuador","Côte d'Ivoire",0,1,"Loss"
"Tunisia","Sweden",1,5,"Loss"
"Cabo Verde","Spain",0,0,"Draw"
"Egypt","Belgium",1,1,"Draw"
"Uruguay","Saudi Arabia",1,1,"Draw"
"New Zealand","IR Iran",2,2,"Draw"
"Senegal","France",1,3,"Loss"
"Norway","Iraq",4,1,"Win"
"Algeria","Argentina",0,3,"Loss"
"Jordan","Austria",1,3,"Loss"
"Congo DR","Portugal",1,1,"Draw"
"Croatia","England",2,4,"Loss"
"Panama","Ghana",0,1,"Loss"
"Colombia","Uzbekistan",3,1,"Win"
"South Korea","Mexico",0,1,"Loss"
"South Africa","Czechia",1,1,"Draw"
"Qatar","Canada",0,6,"Loss"
"Bosnia and Herzegovina","Switzerland",1,4,"Loss"
"Haiti","Brazil",0,3,"Loss"
"Morocco","Scotland",1,0,"Win"
"Australia","USA",0,2,"Loss"
"Paraguay","Türkiye",1,0,"Win"
"Côte d'Ivoire","Germany",1,2,"Loss"
"Curaçao","Ecuador",0,0,"Draw"
"Sweden","Netherlands",1,5,"Loss"
"Japan","Tunisia",4,0,"Win"
"IR Iran","Belgium",0,0,"Draw"
"Egypt","New Zealand",3,1,"Win"
"Saudi Arabia","Spain",0,4,"Loss"
"Cabo Verde","Uruguay",2,2,"Draw"
"Iraq","France",0,3,"Loss"
"Senegal","Norway",2,3,"Loss"
"Austria","Argentina",0,2,"Loss"
"Algeria","Jordan",2,1,"Win"
"Uzbekistan","Portugal",0,5,"Loss"
"Congo DR","Colombia",0,1,"Loss"
"Ghana","England",0,0,"Draw"
"Croatia","Panama",1,0,"Win"
"Mexico","Czechia",3,0,"Win"
"South Korea","South Africa",0,1,"Loss"
"Canada","Switzerland",1,2,"Loss"
"Qatar","Bosnia and Herzegovina",1,3,"Loss"
"Brazil","Scotland",3,0,"Win"
"Haiti","Morocco",2,4,"Loss"
"USA","Türkiye",2,3,"Loss"
"Australia","Paraguay",0,0,"Draw"
"Germany","Ecuador",1,2,"Loss"
"Côte d'Ivoire","Curaçao",2,0,"Win"
"Netherlands","Tunisia",3,1,"Win"
"Sweden","Japan",1,1,"Draw"
"Belgium","New Zealand",5,1,"Win"
"IR Iran","Egypt",1,1,"Draw"
"Spain","Uruguay",1,0,"Win"
"Saudi Arabia","Cabo Verde",0,0,"Draw"
"France","Norway",4,1,"Win"
"Iraq","Senegal",0,5,"Loss"
"Argentina","Jordan",3,1,"Win"
"Austria","Algeria",3,3,"Draw"
"Portugal","Colombia",0,0,"Draw"
"Uzbekistan","Congo DR",1,3,"Loss"
"England","Panama",2,0,"Win"
"Ghana","Croatia",1,2,"Loss"
"Canada","South Africa",1,0,"Win"
"Japan","Brazil",1,2,"Loss"
"Paraguay","Germany",1,1,"Draw"
"Morocco","Netherlands",1,1,"Draw"
"Norway","Côte d'Ivoire",2,1,"Win"
"Sweden","France",0,3,"Loss"
"Ecuador","Mexico",0,2,"Loss"
"Congo DR","England",1,2,"Loss"
"Senegal","Belgium",2,3,"Loss"
"Bosnia and Herzegovina","USA",0,2,"Loss"
"Austria","Spain",0,3,"Loss"
"Croatia","Portugal",1,2,"Loss"
"Algeria","Switzerland",0,2,"Loss"
"Egypt","Australia",1,1,"Draw"
"Cabo Verde","Argentina",2,3,"Loss"
"Ghana","Colombia",0,1,"Loss"
"France","Paraguay",1,0,"Win"
"Morocco","Canada",3,0,"Win"
"Norway","Brazil",2,1,"Win"
"England","Mexico",3,2,"Win"
"Spain","Portugal",1,0,"Win"
"Belgium","USA",4,1,"Win"
"Egypt","Argentina",2,3,"Loss"
"Colombia","Switzerland",0,0,"Draw"
"Morocco","France",0,2,"Loss"
"Belgium","Spain",1,2,"Loss"
"England","Norway",2,1,"Win"
"Switzerland","Argentina",1,3,"Loss"
"Spain","France",2,0,"Win"
"Argentina","England",2,1,"Win"
"England","France",6,4,"Win"
"Argentina","Spain",0,1,"Loss"
