"team","shots_on_target"
"France",56
"Spain",56
"England",52
"Argentina",49
"Belgium",40
"Germany",33
"Canada",32
"Brazil",31
"Switzerland",28
"Morocco",27
"Norway",27
"Colombia",26
"Egypt",23
"Netherlands",23
"Senegal",23
"Ecuador",22
"Sweden",22
"Mexico",21
"Croatia",20
"Uruguay",20
"Côte d'Ivoire",19
"Türkiye",19
"USA",18
"Japan",17
"Portugal",17
"Algeria",14
"Australia",14
"Bosnia and Herzegovina",14
"Cabo Verde",13
"New Zealand",13
"South Africa",11
"Congo DR",10
"IR Iran",10
"South Korea",10
"Paraguay",9
"Austria",8
"Czechia",7
"Panama",7
"Saudi Arabia",7
"Haiti",6
"Jordan",6
"Qatar",6
"Tunisia",6
"Ghana",5
"Scotland",5
"Curaçao",4
"Uzbekistan",4
"Iraq",2
