"team","total_shots"
"Spain",137
"France",127
"England",117
"Argentina",112
"Belgium",106
"Colombia",86
"Canada",81
"Germany",78
"Brazil",77
"Türkiye",76
"Switzerland",75
"Mexico",70
"Morocco",70
"Egypt",69
"Senegal",63
"Portugal",61
"Norway",59
"Ecuador",58
"USA",57
"Côte d'Ivoire",54
"Uruguay",54
"Cabo Verde",49
"Sweden",48
"Croatia",46
"Algeria",45
"Netherlands",44
"Congo DR",42
"Japan",41
"South Africa",39
"Australia",37
"Bosnia and Herzegovina",37
"Czechia",37
"IR Iran",36
"Paraguay",36
"Austria",31
"New Zealand",31
"Panama",31
"Ghana",30
"South Korea",29
"Haiti",28
"Scotland",24
"Jordan",22
"Iraq",21
"Curaçao",20
"Saudi Arabia",18
"Qatar",17
"Tunisia",17
"Uzbekistan",16
