"team","average_possession"
"Germany",63.5
"Spain",61.125
"Türkiye",59
"Argentina",57.875
"South Korea",57.6666666666667
"Algeria",56.75
"Uruguay",56.6666666666667
"Brazil",56.4
"Colombia",56.4
"Portugal",56.2
"Belgium",55.6666666666667
"France",55.625
"Morocco",54.5
"England",52.75
"Senegal",52.25
"Ecuador",52
"Mexico",52
"Norway",52
"USA",51.2
"Netherlands",50.25
"Switzerland",50
"Côte d'Ivoire",48.25
"South Africa",48.25
"Canada",48.2
"Croatia",47.5
"Egypt",47.4
"Austria",46.25
"Japan",45.75
"Sweden",45
"Panama",44
"Scotland",44
"Congo DR",42.75
"Czechia",42.6666666666667
"Tunisia",42.3333333333333
"Bosnia and Herzegovina",42.25
"IR Iran",42
"Haiti",41
"Ghana",40.5
"New Zealand",39.6666666666667
"Australia",38.75
"Curaçao",38.3333333333333
"Cabo Verde",37
"Iraq",36.3333333333333
"Saudi Arabia",36.3333333333333
"Uzbekistan",35.6666666666667
"Qatar",31.3333333333333
"Jordan",29.6666666666667
"Paraguay",27.8
