"team","goals_for","goals_against","wins","draws","losses","matches_played","goal_difference","points","win_percentage"
"Spain",14,1,7,1,0,8,13,22,87.5
"Argentina",19,8,7,0,1,8,11,21,87.5
"England",20,12,6,1,1,8,8,19,75
"France",20,10,6,0,2,8,10,18,75
"Mexico",10,3,4,0,1,5,7,12,80
"Norway",13,11,4,0,2,6,2,12,66.67
"Belgium",14,7,3,2,1,6,7,11,50
"Colombia",5,1,3,2,0,5,4,11,60
"Morocco",10,6,3,2,1,6,4,11,50
"Switzerland",10,6,3,2,1,6,4,11,50
"Brazil",10,4,3,1,1,5,6,10,60
"USA",11,8,3,0,2,5,3,9,60
"Netherlands",11,5,2,2,0,4,6,8,50
"Portugal",8,3,2,2,1,5,5,8,40
"Germany",11,5,2,1,1,4,6,7,50
"Canada",9,6,2,1,2,5,3,7,40
"Côte d'Ivoire",5,4,2,0,2,4,1,6,50
"Egypt",8,7,1,3,1,5,1,6,20
"Croatia",6,7,2,0,2,4,-1,6,50
"Japan",8,5,1,2,1,4,3,5,25
"Australia",3,3,1,2,1,4,0,5,25
"Paraguay",3,6,1,2,2,5,-3,5,20
"Congo DR",5,5,1,1,2,4,0,4,25
"Ghana",2,3,1,1,2,4,-1,4,25
"Ecuador",2,4,1,1,2,4,-2,4,25
"South Africa",2,4,1,1,2,4,-2,4,25
"Austria",6,9,1,1,2,4,-3,4,25
"Bosnia and Herzegovina",5,8,1,1,2,4,-3,4,25
"Sweden",7,10,1,1,2,4,-3,4,25
"Algeria",5,9,1,1,2,4,-4,4,25
"Senegal",10,9,1,0,3,4,1,3,25
"IR Iran",3,3,0,3,0,3,0,3,0
"Cabo Verde",4,5,0,3,1,4,-1,3,0
"South Korea",2,3,1,0,2,3,-1,3,33.33
"Türkiye",3,5,1,0,2,3,-2,3,33.33
"Scotland",1,4,1,0,2,3,-3,3,33.33
"Uruguay",3,4,0,2,1,3,-1,2,0
"Saudi Arabia",1,5,0,2,1,3,-4,2,0
"Czechia",2,6,0,1,2,3,-4,1,0
"New Zealand",4,10,0,1,2,3,-6,1,0
"Curaçao",1,9,0,1,2,3,-8,1,0
"Qatar",2,10,0,1,2,3,-8,1,0
"Panama",0,4,0,0,3,3,-4,0,0
"Jordan",3,8,0,0,3,3,-5,0,0
"Haiti",2,8,0,0,3,3,-6,0,0
"Uzbekistan",2,11,0,0,3,3,-9,0,0
"Tunisia",2,12,0,0,3,3,-10,0,0
"Iraq",1,12,0,0,3,3,-11,0,0
