"team","fouls"
"Argentina",82
"England",82
"France",75
"Morocco",75
"Belgium",74
"Canada",71
"Spain",71
"Switzerland",70
"Paraguay",66
"Egypt",61
"Norway",59
"Colombia",58
"Mexico",57
"Bosnia and Herzegovina",54
"Ecuador",53
"USA",53
"Australia",48
"Austria",47
"South Africa",47
"Sweden",46
"Brazil",45
"Germany",45
"Netherlands",45
"Japan",44
"Ghana",43
"Congo DR",42
"Croatia",42
"Portugal",42
"Uzbekistan",42
"Panama",41
"Curaçao",40
"Haiti",38
"Côte d'Ivoire",37
"Saudi Arabia",37
"Qatar",36
"Senegal",36
"Czechia",34
"Scotland",34
"Algeria",32
"Jordan",32
"New Zealand",32
"IR Iran",30
"Uruguay",30
"Türkiye",29
"Cabo Verde",28
"Tunisia",28
"Iraq",27
"South Korea",26
