"team","corners"
"Spain",60
"France",50
"England",46
"Canada",44
"Argentina",42
"Germany",38
"Switzerland",31
"Belgium",28
"Brazil",28
"Uruguay",28
"Portugal",27
"Côte d'Ivoire",26
"Morocco",26
"Ecuador",25
"USA",25
"Egypt",24
"Netherlands",24
"Norway",24
"Türkiye",24
"Colombia",23
"Mexico",22
"Senegal",22
"Australia",16
"Japan",16
"Bosnia and Herzegovina",15
"Croatia",15
"Czechia",13
"Cabo Verde",12
"Congo DR",12
"South Africa",12
"South Korea",12
"Sweden",12
"Algeria",11
"Austria",10
"Haiti",10
"IR Iran",10
"Iraq",10
"Paraguay",10
"Scotland",10
"Ghana",9
"Qatar",9
"Uzbekistan",9
"Jordan",7
"New Zealand",7
"Panama",7
"Saudi Arabia",7
"Tunisia",7
"Curaçao",3
