"player_id","player_name","team_id","position","matches_played","matches_started","minutes_played","goals","assists","shots","shots_on_target","yellow_cards","red_cards","penalty_goals","own_goals","clean_sheets","saves","goals_conceded","average_rating","data_source","last_verified"
3,"César Jasib Montes",1,"DEF",3,2,165,0,0,NA,NA,0,1,0,0,NA,NA,NA,NA,"sofascore.com","2026-07-19"
37,"Themba Zwane",2,"MID",1,0,29,0,0,NA,NA,0,1,0,0,NA,NA,NA,NA,"sofascore.com","2026-07-19"
39,"Sphephelo S'miso Sithole",2,"MID",3,3,270,0,0,NA,NA,0,1,0,0,NA,NA,NA,NA,"sofascore.com","2026-07-19"
134,"Tarik Muharemovic",6,"DEF",3,3,270,0,0,NA,NA,0,1,0,0,NA,NA,NA,NA,"sofascore.com","2026-07-19"
170,"Elamin Homam",7,"DEF",2,2,180,0,0,NA,NA,0,1,0,0,NA,NA,NA,NA,"sofascore.com","2026-07-19"
179,"Omer Assim Madibo",7,"MID",2,2,169,0,0,NA,NA,0,1,0,0,NA,NA,NA,NA,"sofascore.com","2026-07-19"
332,"Folarin Jolaoluwa Balogun",13,"FWD",4,4,316,3,0,NA,NA,1,1,0,0,NA,NA,NA,NA,"sofascore.com","2026-07-19"
348,"Miguel Angel Almiron",14,"MID",4,4,350,0,0,NA,NA,0,1,0,0,NA,NA,NA,NA,"sofascore.com","2026-07-19"
497,"Piero Martin Hincapie",20,"DEF",4,4,341,0,0,NA,NA,0,1,0,0,NA,NA,NA,NA,"sofascore.com","2026-07-19"
649,"Nathan Ngoy",25,"DEF",4,4,360,0,0,NA,NA,0,1,0,0,NA,NA,NA,NA,"sofascore.com","2026-07-19"
